River,Area (km²),Relief (km),Temp (°C),Q (km³/yr),Q (m³/s),Runoff (m/yr),Qs (MT/yr),Yield (T/km²/yr),Glacier area (%),Lithology,1-TE,Erosion
Abitibi,"15,813.00",0.38,0.00,11.90,378.00,0.75,0.10,9.00,0.00,1.00,1.00,1.00
Adige (Italy),"12,000.00",1.59,10.50,7.10,224.00,0.59,1.60,133.00,0.00,1.00,0.80,1.00
Adour,"7,830.00",3.05,12.00,2.40,75.00,0.30,0.30,37.00,0.00,0.50,0.90,0.30
Agno (Philippines),"2,210.00",1.50,22.90,6.70,211.00,3.01,5.00,"2,255.00",0.00,1.00,1.00,2.00
Agrioun (Algeria),660.00,2.30,15.80,0.20,5.00,0.24,4.80,"7,215.00",0.00,2.00,1.00,2.00
Alabama,"124,158.00",1.17,17.00,28.40,902.00,0.23,2.30,19.00,0.00,1.00,0.70,0.30
Alazeya,"59,716.00",0.82,-14.00,8.80,279.00,0.15,0.70,12.00,0.00,2.00,1.00,1.00
Altamaha,"41,580.00",0.49,18.00,11.90,378.00,0.29,2.50,60.00,0.00,1.00,1.00,1.00
Amazon,"5,853,804.00",5.50,22.00,"6,265.40","198,676.00",1.07,"1,193.40",204.00,0.00,1.00,1.00,1.00
Amgyema (Russia),"22,513.00",1.62,-11.00,9.20,291.00,0.41,0.90,38.00,0.00,1.50,1.00,1.00
Amur,"1,754,681.00",2.51,-7.00,348.20,"11,040.00",0.20,52.00,30.00,0.00,2.00,1.00,1.00
Anabar (Russia),"98,943.00",0.89,-14.00,17.00,539.00,0.17,0.40,4.00,0.00,1.50,1.00,1.00
Angat (Philippines),780.00,1.50,22.00,1.60,49.00,2.00,4.60,"5,862.00",0.00,2.00,1.00,2.00
Apalachicola,"54,830.00",1.27,16.00,20.70,655.00,0.38,1.70,32.00,0.00,1.50,0.50,0.30
Arno (Italy),"8,100.00",1.37,14.00,1.80,57.00,0.22,2.20,273.00,0.00,2.00,0.80,1.00
Arrzilla (Italy),100.00,0.75,14.00,0.10,2.00,0.50,0.10,"1,261.00",0.00,2.00,1.00,1.00
Aso (Italy),280.00,2.48,9.30,0.10,2.00,0.23,0.20,676.00,0.00,1.50,1.00,1.00
Attawapiskat,"58,366.00",0.47,-2.00,19.70,626.00,0.34,0.20,3.00,0.00,1.00,0.50,1.00
Avon (UK),"2,600.00",0.20,9.10,0.60,20.00,0.24,0.00,12.00,0.00,1.00,1.00,0.30
Baffle Creek (Australia),"3,900.00",1.20,22.00,0.70,22.00,0.18,0.40,102.00,0.00,1.00,1.00,1.00
Black (Australia),"1,100.00",1.00,25.50,0.50,16.00,0.46,0.20,172.00,0.00,0.50,1.00,1.00
Bou Namoussa (Algeria),570.00,1.20,16.30,0.20,5.00,0.28,0.20,332.00,0.00,2.00,0.50,1.00
Bou Selham (Morocco),"2,300.00",1.60,17.00,0.10,2.00,0.03,0.20,96.00,0.00,0.50,1.00,1.00
Boyne (Australia),"2,500.00",1.20,22.50,0.40,13.00,0.16,0.30,120.00,0.00,0.50,1.00,1.00
Brazos,"115,040.00",1.63,19.00,6.00,189.00,0.05,9.10,79.00,0.00,1.50,0.75,1.00
Bristol Avon (UK),670.00,0.05,9.10,0.30,9.00,0.42,0.00,47.00,0.00,2.00,1.00,1.00
Buller (New Zealand),"6,350.00",2.33,6.80,12.90,410.00,2.04,2.70,422.00,0.00,2.00,1.00,1.00
Burdekin (Australia),"121,214.00",1.02,23.00,9.90,315.00,0.08,3.00,25.00,0.00,1.00,0.30,1.00
Burnett,"33,000.00",1.10,20.50,1.70,54.00,0.05,0.70,21.00,0.00,0.50,0.70,1.00
Burrum (Australia),"3,300.00",0.80,23.40,0.70,22.00,0.21,0.30,91.00,0.00,0.50,1.00,1.00
Calliope (Australia),"2,300.00",1.00,23.40,0.30,10.00,0.13,0.20,82.00,0.00,0.50,1.00,1.00
Cape Fear (USA),"8,910.00",0.34,16.30,3.00,96.00,0.34,0.30,32.00,0.00,0.50,1.00,1.00
Carmel (USA),630.00,1.50,15.60,0.10,3.00,0.16,0.40,651.00,0.00,2.00,1.00,1.00
Ceyhan,"21,201.00",2.76,12.00,7.00,222.00,0.33,4.80,225.00,0.00,2.00,0.50,1.00
Chao Phraya,"141,830.00",1.90,26.00,30.40,963.00,0.21,11.00,78.00,0.00,0.75,0.80,1.00
Chelliff,"57,982.00",1.70,15.00,1.30,41.00,0.02,4.00,69.00,0.00,1.00,1.00,1.00
Chienti (Italy),"1,300.00",1.80,14.50,0.20,8.00,0.19,1.30,995.00,0.00,1.00,1.00,1.00
Chira (Peru),"20,000.00",3.81,18.90,5.00,158.00,0.25,20.00,"1,000.00",0.00,2.00,1.00,1.00
Chishui (Taiwan),410.00,0.55,16.80,0.50,16.00,1.26,2.10,"5,077.00",0.00,2.00,1.00,2.00
Chorokhi,"22,030.00",3.49,7.00,8.90,283.00,0.41,8.00,364.00,0.00,1.50,1.00,2.00
Choshui (Taiwan) Jhuo-Shuei,"2,975.00",3.42,17.00,6.00,190.00,2.01,38.00,"12,763.00",0.00,2.00,1.00,2.00
Cijolang (India),380.00,0.82,20.00,0.70,22.00,1.83,0.70,"1,909.00",0.00,1.50,1.00,2.00
Cilulung (India),600.00,2.82,22.00,0.90,30.00,1.58,4.80,"7,937.00",0.00,1.50,1.00,2.00
Cimanuk (India),"4,200.00",3.10,22.00,4.40,139.00,1.04,19.90,"4,738.00",0.00,1.50,1.00,2.00
Cimuntur (India),580.00,0.82,22.00,0.90,30.00,1.63,1.90,"3,262.00",0.00,1.00,1.00,2.00
Citanduy (India),"3,560.00",2.80,22.00,6.10,192.00,1.70,9.50,"2,666.00",0.00,1.00,1.00,2.00
Cleddau (New Zealand),160.00,1.90,10.30,1.00,31.00,6.11,2.00,"12,417.00",20.00,2.00,1.00,1.00
Colorado (Texas),"101,178.00",1.36,18.00,2.40,76.00,0.02,1.40,14.00,0.00,1.50,0.30,1.00
Colorado (Mexico),"637,573.00",3.70,12.00,21.90,694.00,0.03,119.90,188.00,0.00,2.00,1.00,1.00
Columbia,"670,973.00",2.80,4.00,238.70,"7,568.00",0.36,15.00,22.00,0.00,0.75,1.00,1.00
Colville,"60,433.00",2.20,-10.00,24.90,788.00,0.41,6.00,99.00,0.00,2.00,1.00,1.00
Copper (USA),"61,804.00",5.92,2.00,95.50,"3,027.00",1.54,69.90,"1,132.00",25.00,2.00,1.00,1.00
Crati (Italy),"1,300.00",1.40,11.70,0.90,27.00,0.65,1.20,922.00,0.00,2.00,1.00,1.00
Daintree (Australia),"2,100.00",1.40,24.90,3.60,115.00,1.73,1.20,571.00,0.00,0.75,0.80,1.00
Danodar,"22,662.00",0.80,26.00,9.30,296.00,0.41,28.00,"1,234.00",0.00,2.00,1.00,1.00
Danube,"779,002.00",4.10,5.10,202.50,"6,420.00",0.26,66.60,85.00,1.00,1.50,1.00,1.00
Derwent (Australia),"7,764.00",0.70,6.30,4.40,138.00,0.56,0.10,16.00,0.00,0.50,1.00,1.00
Devakani (Turkey),"1,100.00",1.70,8.10,0.30,8.00,0.23,0.20,172.00,0.00,1.00,0.80,1.00
Dnieper,"495,839.00",0.30,7.00,42.90,"1,360.00",0.09,2.30,5.00,0.00,2.00,1.00,1.00
Dniestr,"71,995.00",1.69,8.00,9.20,293.00,0.13,3.00,41.00,0.00,1.00,0.70,1.00
Don (Russia),"423,038.00",0.79,7.00,26.20,832.00,0.06,6.30,15.00,0.00,2.00,0.50,1.00
Drini (Albania),"13,000.00",2.26,12.00,11.90,378.00,0.92,15.00,"1,152.00",0.00,1.50,1.00,2.00
Ebro,"85,000.00",3.34,12.80,45.40,"1,440.00",0.53,18.20,214.00,0.00,2.00,0.70,0.30
Eel,"8,500.00",2.08,11.20,7.40,235.00,0.87,17.60,"2,070.00",0.00,3.00,1.00,2.00
Ekalugad Fjord (Canada),380.00,1.06,-10.00,0.20,7.00,0.58,0.30,664.00,30.00,2.00,1.00,1.00
El Harrach (Algeria),390.00,1.86,14.90,0.10,4.00,0.32,0.60,"1,617.00",0.00,2.00,1.00,1.00
Elbe,"148,530.00",1.46,8.00,23.20,735.00,0.16,0.90,6.00,0.00,1.50,0.50,0.30
Ely Ouse (UK),"3,600.00",0.05,8.60,1.00,31.00,0.27,0.00,9.00,0.00,0.50,1.00,1.00
Endeavour (Australia),"2,200.00",1.40,24.90,1.80,57.00,0.82,0.80,344.00,0.00,0.50,1.00,1.00
Esk (Australia),250.00,1.57,22.00,0.20,5.00,0.68,0.30,"1,135.00",0.00,0.50,1.00,1.00
Esk (UK),310.00,0.80,7.30,0.10,4.00,0.41,0.00,102.00,0.00,0.50,1.00,1.00
Filyos (Turkey),"13,000.00",2.38,7.60,3.10,98.00,0.24,3.70,283.00,0.00,2.00,1.00,1.00
Fitzroy,"138,489.00",1.23,21.00,2.20,70.00,0.02,7.20,52.00,0.00,0.50,1.00,1.00
Flinders,"110,341.00",1.06,25.00,0.50,16.00,0.00,9.30,84.00,0.00,1.50,1.00,1.00
Fly (Papua New Guinea),"64,413.00",4.00,25.00,179.00,"5,676.00",2.78,79.60,"1,235.00",0.00,1.50,1.00,1.00
Fraser,"217,504.00",3.96,2.20,112.30,"3,560.00",0.52,20.00,92.00,3.00,2.00,0.90,1.00
Ganges,"1,628,405.00",6.09,17.00,996.50,"31,600.00",0.61,"1,099.70",675.00,1.00,2.00,0.70,2.00
Garonne,"57,980.00",2.99,12.00,16.90,536.00,0.29,2.20,38.00,0.00,1.00,1.00,0.30
Godavari,"312,575.00",1.06,27.00,83.60,"2,650.00",0.27,170.00,544.00,0.00,1.50,1.00,2.00
Goksu (Turkey),"8,920.00",2.44,10.10,2.50,79.00,0.28,2.60,286.00,0.00,1.00,1.00,1.00
Grande (Puerto Rico),230.00,0.75,24.10,0.50,15.00,2.00,0.40,"1,782.00",0.00,2.00,1.00,1.00
Gurabo (Puerto Rico),160.00,0.75,25.90,0.20,8.00,1.50,0.30,"1,577.00",0.00,1.50,1.00,1.00
Haast (New Zealand),930.00,3.10,1.70,6.00,189.00,6.41,5.90,"6,307.00",25.00,1.50,1.00,2.00
Han,"19,652.00",1.38,10.00,16.90,536.00,0.86,10.00,509.00,0.00,1.50,0.50,1.00
Hanjang,"25,365.00",1.42,21.00,25.90,820.00,1.02,23.80,940.00,0.00,1.50,1.00,2.00
Harsit (Turkey),"2,600.00",2.20,8.00,0.80,25.00,0.30,0.50,199.00,0.00,1.00,1.00,1.00
Haughton (Australia),"3,600.00",1.20,24.50,0.80,25.00,0.22,0.40,114.00,0.00,0.50,1.00,1.00
Hawkesbury (Australia),"10,000.00",1.73,16.50,2.80,88.00,0.13,1.50,67.00,0.00,0.50,1.00,1.00
Herbert (Australia),"10,000.00",1.30,24.60,4.90,154.00,0.49,1.60,161.00,0.00,0.50,1.00,1.00
Hii (Japan),920.00,1.27,14.30,1.10,35.00,1.20,0.40,480.00,0.00,2.00,0.50,1.00
Hokitika (New Zealand),"1,350.00",2.40,3.10,3.10,98.00,2.29,6.00,"4,438.00",8.00,2.00,1.00,5.00
Homathko (Canada),"5,700.00",3.99,2.10,8.00,253.00,1.40,4.30,752.00,13.00,2.00,1.00,1.00
Houlung (Hou-Long ; Taiwan),540.00,2.58,16.50,0.90,28.00,1.64,4.30,"7,942.00",0.00,2.00,1.00,2.00
Hsuiuluan (Siou-Gu-Luan ; Taiwan),"1,539.00",3.60,18.30,4.20,132.00,2.70,19.90,"12,930.00",0.00,2.00,1.00,2.00
Huai,"264,000.00",1.70,14.00,2.10,66.00,0.01,13.90,53.00,0.00,2.00,1.00,1.00
Hualien (Taiwan),"1,506.00",4.06,19.20,3.80,120.00,2.51,20.00,"13,276.00",0.00,2.00,1.00,2.00
Huang,"865,000.00",5.90,10.00,46.70,"1,480.00",0.05,"1,100.60","1,272.00",0.00,3.00,1.00,2.00
Hudson,"43,252.00",1.17,8.00,14.90,473.00,0.34,1.00,23.00,0.00,1.00,0.70,0.30
Hunter,"22,000.00",1.70,13.40,1.80,57.00,0.08,11.00,499.00,0.00,2.00,1.00,1.00
Indigirka,"360,216.00",2.81,-13.60,54.70,"1,734.00",0.15,10.90,30.00,1.00,2.00,1.00,1.00
Indus,"941,101.00",5.18,15.00,100.00,"3,171.00",0.11,248.60,264.00,1.00,2.00,0.40,2.00
Irrawaddy,"405,963.00",4.80,22.00,427.60,"13,560.00",1.05,258.60,637.00,1.00,1.00,1.00,1.00
Ishikari (Japan),"13,000.00",2.29,5.10,13.30,421.00,1.02,1.70,131.00,0.00,2.00,0.50,1.00
Isser (Algeria),"3,600.00",1.60,15.40,0.40,11.00,0.10,8.30,"2,304.00",0.00,2.00,1.00,2.00
Jardine (Australia),"3,300.00",0.20,27.90,2.20,69.00,0.66,0.80,229.00,0.00,2.00,1.00,1.00
Jeannie (Australia),"3,800.00",0.30,26.40,2.40,76.00,0.63,1.00,266.00,0.00,2.00,1.00,1.00
Johnson (Australia),"2,300.00",0.20,27.90,4.70,150.00,2.06,1.90,823.00,0.00,2.00,1.00,1.00
Kali Brantas (India),"8,500.00",3.65,19.60,34.00,"1,078.00",4.00,8.10,954.00,0.00,1.00,0.50,1.00
Kaoping (Gao-Ping; Taiwan),"3,076.00",4.10,20.50,8.80,278.00,2.85,20.20,"6,561.00",0.00,1.50,1.00,2.00
Karamea (New Zealand),"1,200.00",1.23,8.70,3.20,101.00,2.65,0.10,124.00,0.00,1.50,1.00,2.00
Kabir Ouest (Algeria),"1,100.00",1.50,15.60,0.20,7.00,0.20,0.20,201.00,0.00,1.50,1.00,1.00
Kemijoki,"52,595.00",0.74,0.00,16.90,536.00,0.32,1.00,4.00,0.00,0.50,1.00,1.00
Khatanga,"370,353.00",1.63,-14.00,84.80,"2,690.00",0.23,1.70,5.00,0.00,0.75,0.70,1.00
Kizil,"109,687.00",3.02,9.00,7.50,239.00,0.07,16.90,154.00,0.00,2.00,1.00,1.00
Klamath (USA),"27,197.00",2.48,7.00,14.90,473.00,0.55,9.90,365.00,0.00,2.00,1.00,1.00
Klinaklini (Canada),"6,500.00",3.80,2.40,10.40,330.00,1.60,5.00,767.00,15.00,2.00,1.00,1.00
Kolan (Australia),"3,000.00",0.90,24.10,0.50,16.00,0.17,0.30,100.00,0.00,0.50,1.00,1.00
Kolyma,"640,648.00",1.83,-11.00,119.30,"3,784.00",0.19,5.90,9.00,0.00,1.50,0.80,1.00
Krishna,"258,684.00",1.33,24.00,59.60,"1,890.00",0.23,64.00,247.00,0.00,1.00,1.00,2.00
Kuban,"63,890.00",5.48,8.00,13.00,411.00,0.20,8.30,130.00,0.00,0.50,1.00,1.00
Kura,"218,906.00",4.72,6.00,18.00,570.00,0.08,36.90,169.00,0.00,2.00,1.00,1.00
Kuskokwim,"115,809.00",2.46,-6.00,59.70,"1,892.00",0.52,8.20,71.00,5.00,2.00,1.00,1.00
Kymijoki-2,"35,932.00",0.12,3.00,11.90,378.00,0.33,0.10,1.00,0.00,0.50,0.70,1.00
Lanyang (Taiwan),980.00,3.50,19.60,2.80,88.00,2.83,8.00,"8,174.00",0.00,2.00,1.00,2.00
Lena,"2,441,816.00",2.53,-12.50,517.20,"16,400.00",0.21,19.90,8.00,0.10,1.50,0.80,1.00
Liao,"274,053.00",1.92,5.00,32.50,"1,032.00",0.12,40.80,149.00,0.00,1.50,1.00,2.00
Limpopo,"380,337.00",2.30,21.00,26.30,835.00,0.07,33.10,87.00,0.00,1.00,1.00,2.00
Linpian (Taiwan),340.00,2.88,19.00,0.90,27.00,2.50,1.80,"5,287.00",0.00,2.00,1.00,2.00
Lockhart (Australia),"2,800.00",0.35,27.50,1.60,51.00,0.57,0.60,214.00,0.00,1.00,1.00,1.00
Loire (France),"115,000.00",1.40,8.40,26.80,851.00,0.23,1.50,13.00,0.00,1.00,1.00,0.30
Luan,"44,900.00",2.30,6.70,39.40,"1,250.00",0.88,24.00,534.00,0.00,2.00,1.00,2.00
Mackenzie,"1,794,920.00",3.98,-8.00,307.50,"9,750.00",0.17,99.40,55.00,4.00,2.00,1.00,1.00
Mae (USA),"1,200.00",1.30,13.20,1.30,41.00,1.08,2.20,"1,813.00",0.00,2.00,1.00,2.00
Mae Klong (Thailand),"32,914.00",1.87,25.00,12.90,410.00,0.39,8.10,245.00,0.00,0.50,1.00,1.00
Magdalena,"251,743.00",5.42,20.00,237.50,"7,530.00",0.94,219.80,873.00,0.00,1.50,1.00,2.00
Mahanadi (India),"142,207.00",1.14,27.00,66.60,"2,112.00",0.47,60.70,427.00,0.00,1.00,1.00,2.00
Manzanares (Venezuela),830.00,2.77,19.20,0.50,16.00,0.60,0.20,251.00,0.00,0.50,0.40,1.00
Mary (Australia),"9,600.00",1.20,23.40,2.30,73.00,0.24,0.90,92.00,0.00,0.50,1.00,1.00
Maticora (Venezuela),"2,500.00",2.77,19.40,2.00,63.00,0.80,5.40,"2,157.00",0.00,2.00,1.00,1.00
Mbam (Ghana),"42,000.00",0.77,18.60,22.60,718.00,0.54,3.60,86.00,0.00,0.50,1.00,1.00
Medjerda,"27,438.00",1.70,16.00,0.90,30.00,0.03,9.30,340.00,0.00,1.50,0.70,2.00
Mekong,"758,560.00",5.47,16.00,547.00,"17,345.00",0.72,97.40,128.00,0.00,1.00,0.75,1.00
Melet (Turkey),"1,000.00",2.00,8.40,0.40,13.00,0.40,0.30,268.00,0.00,1.00,1.00,1.00
Metauro (Italy),"1,400.00",1.50,14.00,0.30,11.00,0.25,0.90,608.00,0.00,2.00,0.70,1.00
Meuse,"43,336.00",0.63,9.00,10.70,339.00,0.25,0.70,16.00,0.00,2.00,1.00,0.30
Mezen,"75,665.00",0.44,-2.00,23.90,757.00,0.32,0.90,12.00,0.00,2.00,1.00,1.00
Min He (China),"61,000.00",1.50,20.30,62.10,"1,970.00",1.02,7.60,125.00,0.00,1.50,0.50,1.00
Minjiang,"66,246.00",2.07,16.00,57.70,"1,829.00",0.87,7.60,115.00,0.00,0.75,1.00,1.00
Mississippi,"3,202,959.00",4.40,6.00,487.30,"15,452.00",0.15,397.80,124.00,1.20,2.00,1.00,1.00
Mohaka (New Zealand),"2,400.00",1.38,9.60,2.50,79.00,1.04,1.40,578.00,0.00,2.00,1.00,1.00
Moose,"114,729.00",0.54,0.00,42.80,"1,356.00",0.37,0.40,3.00,0.00,0.75,0.80,1.00
Morondava (Madagascar),"4,200.00",1.41,21.00,1.50,47.00,0.35,6.70,"1,592.00",0.00,1.50,1.00,2.00
Motu (New Zealand),"1,400.00",1.11,14.00,2.80,88.00,1.98,3.50,"2,478.00",0.00,2.00,1.00,2.00
Muonio Alv (Sweden),"24,000.00",1.33,0.30,12.00,380.00,0.50,0.30,14.00,0.00,0.50,0.50,1.00
Murray-Darling,"1,031,512.00",1.21,18.00,22.20,705.00,0.02,3.00,3.00,0.00,0.50,1.00,1.00
Nadyım,"57,796.00",0.15,-6.00,18.00,570.00,0.31,0.40,7.00,0.00,2.00,1.00,1.00
Nagara,"2,000.00",1.10,13.90,3.60,114.00,1.80,0.40,205.00,0.00,1.50,0.50,1.00
Nakdong (Korea),"20,006.00",1.18,12.00,9.10,290.00,0.46,8.20,408.00,0.00,1.00,1.00,2.00
Narmada (India),"114,088.00",0.93,26.00,39.80,"1,261.00",0.35,69.60,610.00,0.00,1.50,1.00,2.00
Negro,"197,542.00",3.68,11.00,25.80,819.00,0.13,13.00,66.00,0.00,0.75,1.00,1.00
Neveri (Venezuela),980.00,2.50,22.00,0.90,28.00,0.90,0.30,290.00,0.00,0.50,0.50,1.00
Ngaruroro (New Zealand),"1,900.00",0.75,6.30,1.30,41.00,0.68,1.30,681.00,8.00,2.00,1.00,2.00
Niger,"1,240,019.00",2.10,28.00,193.30,"6,130.00",0.16,39.80,32.00,0.00,1.00,0.50,1.00
Nile,"2,026,122.00",3.78,25.00,109.90,"3,484.00",0.05,119.80,59.00,0.00,1.00,0.50,1.00
Normanby (Australia),"25,000.00",0.55,26.90,5.90,188.00,0.24,2.70,107.00,0.00,1.00,1.00,1.00
North,190.00,1.06,-10.00,0.10,4.00,0.66,0.10,664.00,30.00,2.00,1.00,1.00
Nottaway,"76,303.00",0.65,-1.00,35.60,"1,130.00",0.47,1.00,13.00,0.00,1.00,1.00,1.00
Ob,"3,025,923.00",4.08,0.00,387.90,"12,299.00",0.13,16.00,5.00,0.00,1.00,0.70,1.00
Oder (Germany),"118,146.00",1.42,8.00,15.90,504.00,0.13,0.30,3.00,0.00,2.00,0.30,0.30
Ogeechee (USA),"6,700.00",0.08,19.40,2.10,66.00,0.31,0.10,9.00,0.00,1.00,1.00,0.30
Olenek,"223,189.00",0.98,-14.00,31.80,"1,009.00",0.14,1.10,5.00,0.00,1.50,0.70,1.00
Omoloy,"31,684.00",1.22,-16.00,7.00,222.00,0.22,1.10,4.00,0.00,0.50,0.80,1.00
Onega,"57,683.00",0.28,2.00,15.90,504.00,0.28,0.20,4.00,0.00,2.00,1.00,1.00
Orange,"943,577.00",3.40,18.00,13.90,442.00,0.01,88.50,94.00,0.00,1.50,0.70,1.00
Ord,"94,706.00",0.82,27.00,19.90,630.00,0.21,5.10,54.00,0.00,0.75,1.00,1.00
Orinoco,"939,362.00",4.54,25.00,"1,088.00","34,500.00",1.16,173.20,184.00,0.00,1.00,0.70,1.00
Osumi (Albania),"2,000.00",2.40,15.00,1.60,51.00,0.80,5.70,"2,854.00",0.00,2.00,1.00,2.00
Pachang (Ba-Jhang ; Taiwan),441.00,2.20,20.00,0.70,23.00,1.64,3.20,"7,223.00",0.00,2.00,1.00,2.00
Pamanga (Philippines),830.00,2.00,25.90,1.50,47.00,1.79,1.00,"1,216.00",0.00,1.50,0.50,1.00
Pamlico (USA),"11,000.00",0.08,16.80,4.50,142.00,0.41,0.20,19.00,0.00,2.00,1.00,0.30
Parana,"2,604,048.00",5.40,17.00,457.50,"14,506.00",0.18,89.50,34.00,0.00,1.00,0.40,1.00
Pascoe (Australia),"4,300.00",0.35,27.50,4.20,132.00,0.97,1.20,279.00,0.00,1.00,1.00,1.00
Pearl (USA),"23,612.00",0.20,18.00,9.90,315.00,0.42,1.20,50.00,0.00,2.00,1.00,1.00
Pechora,"314,292.00",1.90,-11.00,129.30,"4,099.00",0.41,6.10,19.00,0.00,1.00,1.00,1.00
Peedee,"22,604.00",1.27,16.00,6.90,218.00,0.30,0.90,38.00,0.00,1.00,1.00,0.30
Peikang (Bei-Gang ; Taiwan),597.00,1.52,20.70,1.00,32.00,1.69,2.30,"3,830.00",0.00,1.50,1.00,2.00
Peinan (Bei-Nan ;Taiwan),"1,584.00",3.67,22.50,3.80,119.00,2.37,18.30,"11,547.00",0.00,1.50,1.00,2.00
Pescara (Italy),"3,100.00",2.71,14.50,0.90,29.00,0.30,1.90,610.00,0.00,2.00,0.70,1.00
Po,"72,183.00",4.80,11.50,48.10,"1,525.00",0.67,17.20,238.00,2.00,2.00,0.50,0.30
Porong (India),"12,000.00",3.70,23.70,29.80,946.00,2.49,19.90,"1,656.00",0.00,1.00,1.00,1.00
Potenza (Italy),770.00,1.60,13.00,0.30,10.00,0.40,0.40,573.00,0.00,1.50,0.70,1.00
Potomac,"38,419.00",1.36,11.00,9.90,315.00,0.26,1.40,36.00,0.00,1.50,0.50,0.30
Purari,"33,773.00",3.87,21.00,84.50,"2,681.00",2.50,79.50,"2,355.00",0.00,2.00,1.00,1.00
Pyasina,"164,446.00",1.05,-12.00,81.60,"2,586.00",0.50,3.40,21.00,0.00,2.00,1.00,1.00
Pyr/Pur (Russia),"110,158.00",0.27,-8.00,34.10,"1,080.00",0.31,0.70,6.00,0.00,2.00,1.00,1.00
Quiantang He (China),"41,500.00",1.60,20.30,30.80,977.00,0.74,4.10,99.00,0.00,1.00,0.50,1.00
Rakaia (New Zealand),"2,600.00",2.64,3.50,6.10,195.00,2.37,4.20,"1,601.00",10.00,2.00,1.00,2.00
Rangitaiki (New Zealand),"2,300.00",1.00,12.00,1.70,54.00,0.73,0.10,34.00,0.00,0.50,1.00,1.00
Rappahannock (USA),"4,100.00",0.29,13.70,2.10,66.00,0.51,0.50,112.00,0.00,1.00,1.00,0.30
Redwood Creek (USA),730.00,1.30,13.20,0.90,28.00,1.21,0.90,"1,279.00",0.00,2.00,1.00,1.00
Reno (Italy),"3,400.00",1.32,14.00,0.90,28.00,0.26,2.70,788.00,0.00,2.00,1.00,1.00
Rhine,"165,059.00",3.65,8.00,69.70,"2,210.00",0.42,2.00,12.00,3.00,2.00,0.20,0.30
Rhone,"99,298.00",4.81,9.00,53.70,"1,702.00",0.54,58.70,591.00,3.00,2.00,0.70,1.00
Rio Grande,"804,792.00",4.01,16.00,3.90,123.00,0.00,20.00,25.00,0.00,1.00,0.70,1.00
Rioni (Russia),"13,400.00",4.20,15.00,8.50,270.00,0.64,6.90,513.00,0.00,2.00,1.00,1.00
Roanoke,"34,756.00",1.14,15.00,7.40,236.00,0.21,2.00,57.00,0.00,1.50,1.00,0.30
Romaine,"13,586.00",0.94,-3.00,10.90,347.00,0.81,0.20,12.00,0.00,0.50,1.00,1.00
Rufiji,"186,759.00",2.90,22.00,34.80,"1,103.00",0.19,17.00,91.00,0.00,0.50,1.00,1.00
Russian (USA),"36,000.00",1.32,14.70,2.10,66.00,0.06,0.90,25.00,0.00,0.50,1.00,1.00
Saf Saf (Algeria),300.00,0.89,16.90,0.10,3.00,0.32,0.40,"1,261.00",0.00,1.50,1.00,2.00
Saguenay (Canada),"92,067.00",0.97,0.00,55.20,"1,750.00",0.60,0.40,4.00,0.00,0.50,1.00,1.00
Sakarya (Turkey),"55,300.00",2.24,7.00,3.60,113.00,0.06,3.80,68.00,0.00,1.50,1.00,1.00
Sanaga,"129,212.00",1.50,25.00,64.60,"2,049.00",0.50,6.00,46.00,0.00,0.75,0.30,1.00
Santa Clara (USA),"4,200.00",1.75,15.10,0.20,6.00,0.04,3.00,710.00,0.00,2.00,1.00,1.00
Santee,"36,590.00",0.84,16.00,12.90,410.00,0.35,1.00,28.00,0.00,1.00,0.50,0.30
Sao Francisco,"590,148.00",1.15,24.00,69.60,"2,207.00",0.12,6.30,11.00,0.00,1.00,0.30,1.00
Savannah,"27,905.00",1.81,17.00,10.90,346.00,0.39,2.80,101.00,0.00,1.00,0.60,1.00
Scheldt,"21,514.00",0.43,10.00,6.00,189.00,0.28,0.70,35.00,0.00,2.00,1.00,1.00
Sebaou (Algeria),"1,500.00",1.10,16.50,0.50,16.00,0.34,1.20,799.00,0.00,1.50,1.00,2.00
Sebou,"38,402.00",2.89,16.00,5.20,165.00,0.14,26.00,677.00,0.00,2.00,1.00,1.00
Seine,"73,472.00",0.78,10.00,12.90,410.00,0.18,1.10,15.00,0.00,1.50,1.00,0.30
Semani (Albania),"5,200.00",2.50,14.00,2.90,92.00,0.55,15.90,"3,063.00",0.00,2.00,1.00,2.00
Senegal,"270,000.00",0.80,29.00,21.90,694.00,0.08,2.10,8.00,0.00,0.50,1.00,1.00
River,Area (km²),Relief (km),Temp (°C),Q (km³/yr),Q (m³/s),Runoff (m/yr),Qs (MT/yr),Yield (T/km²/yr),Glacier area (%),Lithology,1-TE,Erosion
Severnaya Dvina,"360,944.00",0.47,0.00,109.40,"3,469.00",0.30,4.50,12.00,0.00,2.00,1.00,1.00
Seyhan,"22,391.00",3.63,9.00,5.90,186.00,0.26,5.20,231.00,0.00,1.00,1.00,1.00
Shkumbini (Albania),"2,400.00",2.38,14.00,1.90,60.00,0.79,7.20,"2,983.00",0.00,2.00,1.00,2.00
Sinni (Italy),"1,100.00",2.20,12.00,0.70,21.00,0.60,2.50,"2,259.00",0.00,0.50,1.00,1.00
Skagit,"8,483.00",2.80,6.00,13.90,441.00,1.64,0.30,41.00,0.00,0.50,0.30,1.00
Skeena (Canada),"58,382.00",2.70,0.00,54.70,"1,734.00",0.94,11.00,189.00,11.00,2.00,1.00,1.00
Solo (India),"16,000.00",3.27,24.00,64.00,"2,029.00",4.00,19.00,"1,187.00",0.00,1.00,1.00,1.00
Song Hong (Red; Vietnam),"150,000.00",3.14,22.00,119.30,"3,784.00",0.80,109.40,729.00,0.00,1.00,0.60,2.00
Soummam (Algeria),"8,500.00",2.20,14.10,0.80,25.00,0.09,4.10,482.00,0.00,2.00,1.00,1.00
Squamish (Canada),"3,600.00",1.39,5.40,7.90,250.00,2.19,1.80,499.00,12.00,1.00,1.00,1.00
St. Jean (Canada),"5,600.00",0.99,5.00,3.40,107.00,0.60,0.30,45.00,0.00,0.50,1.00,1.00
St. Lawrence,"1,080,000.00",1.07,6.40,338.10,"10,722.00",0.31,4.60,4.00,0.00,1.00,0.30,1.00
Stikine,"57,316.00",3.20,-5.40,52.70,"1,671.00",0.92,17.90,313.00,15.00,2.00,1.00,1.00
Susitna (USA),"50,000.00",6.19,-6.00,40.10,"1,270.00",0.80,20.90,418.00,20.00,1.50,1.00,1.00
Susquehanna,"72,147.00",1.64,8.00,31.80,"1,009.00",0.44,1.80,25.00,0.00,2.00,1.00,0.30
Taan (Da-An ;Taiwan),633.00,3.30,17.30,1.50,49.00,2.44,5.00,"7,872.00",0.00,1.50,1.00,2.00
Tachia (Taiwan),"1,200.00",3.64,23.50,2.60,82.00,2.15,4.00,"3,311.00",0.00,1.50,0.50,2.00
Tafna (Algeria),"6,900.00",2.10,14.40,0.30,9.00,0.04,2.00,293.00,0.00,2.00,1.00,1.00
Tagus (Portugal),"76,000.00",2.00,11.70,9.60,303.00,0.13,0.40,5.00,0.00,1.00,0.10,0.30
Tamar (Australia),"11,670.00",1.50,8.30,3.10,98.00,0.26,0.10,12.00,0.00,0.50,0.80,1.00
Tana (Kenya),"98,896.00",4.55,25.00,4.30,137.00,0.04,31.90,322.00,0.00,1.00,1.00,1.00
Tano (Ghana),"15,800.00",0.67,25.90,4.80,151.00,0.30,0.30,22.00,0.00,0.50,1.00,1.00
Tanshui (Taiwan),"2,700.00",3.53,18.70,6.90,220.00,2.57,11.00,"4,076.00",0.00,1.50,1.00,2.00
Tarsus (Italy),"57,000.00",1.00,15.10,22.80,723.00,0.40,1.00,2.00,0.00,0.75,1.00,1.00
Tarsus (Turkey),"1,400.00",3.59,8.50,0.10,3.00,0.07,0.10,90.00,0.00,2.00,0.20,0.30
Tayo (Italy),210.00,2.50,9.20,0.20,2.00,0.23,0.10,330.00,0.00,1.50,0.50,1.00
Tay (UK),"6,500.00",1.43,5.40,6.00,190.00,0.92,0.30,46.00,0.00,0.50,1.00,0.30
Taz (Russia),"171,031.00",0.27,-10.00,44.20,"1,400.00",0.26,0.60,3.00,0.00,2.00,1.00,1.00
Tesino (Italy),110.00,0.75,14.70,0.10,1.00,0.40,1.00,"1,089.00",0.00,2.00,1.00,1.00
Thames,"17,330.00",0.27,10.00,2.80,88.00,0.16,0.10,5.00,0.00,1.00,1.00,0.30
Tiber (Italy),"16,000.00",2.20,11.00,7.20,228.00,0.45,6.00,374.00,0.00,2.00,0.70,1.00
Tigris-Euphrates (Iraq),"1,050,000.00",2.96,10.80,47.30,"1,500.00",0.05,53.00,50.00,0.00,2.00,1.00,1.00
Tone,"17,402.00",2.20,14.00,6.00,189.00,0.34,3.00,172.00,0.00,1.00,1.00,1.00
Touchien (Tou-Cian ;Taiwan),499.00,2.23,19.50,0.90,30.00,1.90,2.60,"5,182.00",0.00,1.50,1.00,2.00
Trent,"9,568.00",0.47,10.00,2.60,82.00,0.27,0.10,10.00,0.00,0.50,1.00,0.30
Trigno (Italy),"1,240.00",1.40,9.80,0.10,3.00,0.08,0.40,336.00,0.00,2.00,1.00,1.00
Tronto (Italy),"1,200.00",2.26,14.00,0.30,9.00,0.24,1.10,912.00,0.00,2.00,0.70,1.00
Tsengwen (Zheng-Wen ; Taiwan),"1,200.00",2.44,23.20,2.40,76.00,2.00,17.00,"14,191.00",0.00,2.00,1.00,2.00
Tukituki (New Zealand),"2,400.00",0.60,9.30,1.30,41.00,0.54,1.00,414.00,0.00,2.00,1.00,2.00
Tutaekuri (New Zealand),790.00,1.37,9.80,0.50,16.00,0.63,0.20,263.00,0.00,1.00,1.00,1.00
Tuy (Venezuela),"3,600.00",3.80,22.00,2.00,62.00,0.54,12.00,"3,329.00",0.00,2.00,1.00,1.00
Tyne (UK),"2,200.00",0.60,7.60,1.50,47.00,0.67,0.10,57.00,0.00,1.00,1.00,1.00
Uruguay,"355,505.00",1.74,18.00,139.20,"4,415.00",0.39,9.90,28.00,0.00,0.75,0.40,1.00
Usk (UK),910.00,0.89,7.70,0.90,30.00,1.04,0.00,45.00,0.00,0.50,1.00,0.30
Var (France),"2,820.00",2.35,7.50,1.30,41.00,0.46,1.50,537.00,0.00,2.00,1.00,1.00
Volga,"1,476,411.00",1.60,1.70,258.60,"8,200.00",0.18,19.00,13.00,0.00,2.00,1.00,2.00
Volta,"398,071.00",0.73,27.00,39.70,"1,260.00",0.10,18.90,47.00,0.00,0.50,1.00,1.00
Volturno (Italy),"5,500.00",2.46,14.00,4.20,134.00,0.77,4.20,757.00,0.00,2.00,0.70,1.00
Waiapu (New Zealand),"1,700.00",2.10,11.30,2.80,88.00,1.64,28.00,"16,454.00",0.00,3.00,1.00,8.00
Waiau (New Zealand),"4,620.00",2.00,2.70,3.00,95.00,0.65,2.60,560.00,10.00,2.00,1.00,2.00
Waimakariri (New Zealand),"3,600.00",2.27,4.30,3.80,120.00,1.05,3.10,857.00,2.00,1.50,1.00,2.00
Waioeka (New Zealand),640.00,0.75,12.20,1.00,32.00,1.55,0.70,"1,084.00",0.00,2.00,1.00,2.00
Waipaoa (New Zealand),"2,200.00",1.40,9.60,6.00,190.00,2.72,14.90,"6,780.00",0.00,3.00,1.00,8.00
Wanganui (New Zealand),"6,600.00",1.97,11.80,6.70,211.00,1.01,4.70,707.00,0.00,2.00,1.00,1.00
Whatatane (New Zealand),"1,600.00",1.20,12.70,6.70,211.00,4.16,0.70,430.00,0.00,1.00,1.00,1.00
Wisla,"180,583.00",2.29,7.00,33.10,"1,050.00",0.18,2.50,14.00,0.00,1.50,1.00,0.30
Wye (UK),"4,400.00",0.60,8.20,2.40,76.00,0.54,0.20,47.00,0.00,1.50,1.00,1.00
Yalu,"51,165.00",2.41,4.00,24.90,788.00,0.49,4.70,92.00,0.00,1.00,1.00,1.00
Yana,"224,993.00",2.40,-13.50,31.80,"1,009.00",0.14,3.00,13.00,0.00,2.00,0.80,1.00
Yangtze (Asia),"1,794,243.00",4.38,11.00,892.50,"28,300.00",0.50,479.30,267.00,0.00,2.00,0.50,2.00
Yarra (Australia),"4,100.00",1.20,12.70,1.10,34.00,0.26,0.20,38.00,0.00,0.50,1.00,1.00
Yenisei,"2,578,730.00",3.43,-10.00,616.60,"19,552.00",0.24,13.00,5.00,0.00,0.75,1.00,1.00
Yesil-Irmak (Turkey),"65,792.00",3.02,10.00,7.20,227.00,0.11,19.00,289.00,0.00,2.00,1.00,1.00
Yodo (Japan),"7,120.00",1.50,17.10,8.90,281.00,1.24,1.90,266.00,0.00,1.00,0.70,1.00
Yukon,"855,715.00",5.79,-7.00,208.80,"6,622.00",0.24,53.70,63.00,3.00,1.50,1.00,1.00
Zaire/Congo,"3,698,803.00",1.10,23.00,"1,267.70","40,200.00",0.34,42.80,12.00,0.00,0.50,1.00,1.00
Zambezi,"1,363,582.00",2.35,24.00,99.50,"3,154.00",0.07,19.90,15.00,0.00,0.50,0.30,1.00
Zhujiang (Pearl; China),"370,000.00",3.50,18.00,258.60,"8,199.00",0.70,77.50,210.00,0.00,1.50,1.00,1.50